time,loc,image_id,sat_id,ndwi_area_km2,ndwi_area_km2_outlier_iqr,ndwi_area_km2_outlier_zscore,ndwi_area_km2_outlier_mad,ndwi_area_km2_zscore,ndwi_area_km2_mad_score
1996-02-25 20:10:30.000000,1255,LANDSAT-LT05-C02-T1_L2-LT05_201030_19960225,LT05,4.6791,1,1,0,3.729908090012675,
1994-01-18 20:10:30.000000,1255,LANDSAT-LT05-C02-T1_L2-LT05_201030_19940118,LT05,4.6206,1,1,0,3.6491592101126886,
1992-12-23 20:00:30.000000,1255,LANDSAT-LT05-C02-T1_L2-LT05_200030_19921223,LT05,4.3407,1,1,0,3.2628068770527574,
2010-12-25 20:00:30.000000,1255,LANDSAT-LT05-C02-T1_L2-LT05_200030_20101225,LT05,4.3101,1,1,0,3.2205690014127653,
1990-12-16 20:20:33.000000,1256,LANDSAT-LT05-C02-T1_L2-LT05_202033_19901216,LT05,2.592,1,1,0,14.520099430052511,
1990-01-14 20:20:33.000000,1256,LANDSAT-LT05-C02-T1_L2-LT05_202033_19900114,LT05,0.8397,1,1,0,4.345798992859686,
1990-01-30 20:20:33.000000,1256,LANDSAT-LT05-C02-T1_L2-LT05_202033_19900130,LT05,0.8073,1,1,0,4.157676334544873,
2007-01-13 20:20:33.000000,1256,LANDSAT-LT05-C02-T1_L2-LT05_202033_20070113,LT05,0.8064,1,1,0,4.152450705147239,
2001-02-13 20:20:33.000000,1256,LANDSAT-LT05-C02-T1_L2-LT05_202033_20010213,LT05,0.7578,1,1,0,3.87026671767502,
2001-02-12 20:30:33.000000,1256,LANDSAT-LE07-C02-T1_L2-LE07_203033_20010212,LE07,0.7569,1,1,0,3.865041088277385,
2001-02-20 20:30:33.000000,1256,LANDSAT-LT05-C02-T1_L2-LT05_203033_20010220,LT05,0.702,1,1,0,3.5462776950217294,
1996-02-16 20:20:33.000000,1256,LANDSAT-LT05-C02-T1_L2-LT05_202033_19960216,LT05,0.6975,1,1,0,3.520149548033561,
2002-03-19 20:30:33.000000,1256,LANDSAT-LE07-C02-T1_L2-LE07_203033_20020319,LE07,0.6939,1,1,0,3.4992470304430263,
2001-02-21 20:20:33.000000,1256,LANDSAT-LE07-C02-T1_L2-LE07_202033_20010221,LE07,0.6903,1,1,0,3.478344512852491,
2001-01-19 20:30:33.000000,1256,LANDSAT-LT05-C02-T1_L2-LT05_203033_20010119,LT05,0.6822,1,1,0,3.431313848273788,
1996-02-23 20:30:33.000000,1256,LANDSAT-LT05-C02-T1_L2-LT05_203033_19960223,LT05,0.6777,1,1,0,3.4051857012856197,
2001-11-19 20:30:33.000000,1256,LANDSAT-LT05-C02-T1_L2-LT05_203033_20011119,LT05,0.6723,1,1,0,3.3738319248998168,
2001-01-20 20:20:33.000000,1256,LANDSAT-LE07-C02-T1_L2-LE07_202033_20010120,LE07,0.6651,1,1,0,3.332026889718748,
1996-03-03 20:20:33.000000,1256,LANDSAT-LT05-C02-T1_L2-LT05_202033_19960303,LT05,0.6498,1,1,0,3.2431911899589743,
1998-02-12 20:30:33.000000,1256,LANDSAT-LT05-C02-T1_L2-LT05_203033_19980212,LT05,0.6489,1,1,0,3.2379655605613413,
1990-02-22 20:30:33.000000,1256,LANDSAT-LT05-C02-T1_L2-LT05_203033_19900222,LT05,0.6318,1,1,0,3.1386786020063004,
2010-01-28 20:30:33.000000,1256,LANDSAT-LT05-C02-T1_L2-LT05_203033_20100128,LT05,0.6192,1,1,0,3.0655197904394287,
1997-02-09 20:30:33.000000,1256,LANDSAT-LT05-C02-T1_L2-LT05_203033_19970209,LT05,0.6183,1,1,0,3.0602941610417944,
1984-09-10 20:20:33.000000,1256,LANDSAT-LT05-C02-T1_L2-LT05_202033_19840910,LT05,0.6129,1,1,0,3.028940384655993,
1986-02-01 19:00:00.000000,1257,LANDSAT-LT05-C02-T1_L2-LT05_197031_19860201,LT05,8.0262,1,1,0,15.248300863678601,
2009-12-17 19:00:00.000000,1257,LANDSAT-LT05-C02-T1_L2-LT05_197031_20091217,LT05,6.9309,1,1,0,12.831792051522378,
1996-02-25 20:10:30.000000,1258,LANDSAT-LT05-C02-T1_L2-LT05_201030_19960225,LT05,0.3861,1,1,0,9.152017151707714,
1985-01-09 20:10:30.000000,1258,LANDSAT-LT05-C02-T1_L2-LT05_201030_19850109,LT05,0.3609,1,1,0,8.480086294115178,
2017-12-03 20:10:30.000000,1258,LANDSAT-LC08-C02-T1_L2-LC08_201030_20171203,LC08,0.3546,1,1,0,8.312103579717045,
2001-12-24 20:00:32.000000,1259,LANDSAT-LE07-C02-T1_L2-LE07_200032_20011224,LE07,5.634,1,1,0,9.04954720788335,
1997-02-20 20:00:32.000000,1259,LANDSAT-LT05-C02-T1_L2-LT05_200032_19970220,LT05,4.1616,1,1,0,6.5485614984110585,
1997-03-24 20:00:32.000000,1259,LANDSAT-LT05-C02-T1_L2-LT05_200032_19970324,LT05,3.7737,1,1,0,5.889683233874043,
1998-01-22 20:00:32.000000,1259,LANDSAT-LT05-C02-T1_L2-LT05_200032_19980122,LT05,2.61,1,1,0,3.9130484402629966,
1990-01-16 20:00:32.000000,1259,LANDSAT-LT05-C02-T1_L2-LT05_200032_19900116,LT05,2.2653,1,1,0,3.327548729549129,
2021-03-10 20:00:32.000000,1259,LANDSAT-LC08-C02-T1_L2-LC08_200032_20210310,LC08,2.0943,1,1,0,3.0370919539991688,
1998-02-05 20:20:31.000000,1260,LANDSAT-LT05-C02-T1_L2-LT05_202031_19980205,LT05,2.3481,1,1,0,4.608838158501638,
1996-02-16 20:20:31.000000,1260,LANDSAT-LT05-C02-T1_L2-LT05_202031_19960216,LT05,2.304,1,1,0,4.509354744413106,
2006-02-11 20:20:31.000000,1260,LANDSAT-LT05-C02-T1_L2-LT05_202031_20060211,LT05,2.0043,1,1,0,3.8332735833624785,
2021-01-12 20:10:31.000000,1261,LANDSAT-LC08-C02-T1_L2-LC08_201031_20210112,LC08,1.9134,1,1,0,12.359451451246704,
2021-01-12 20:10:32.000000,1261,LANDSAT-LC08-C02-T1_L2-LC08_201032_20210112,LC08,1.9116,1,1,0,12.347485687169796,
2011-03-06 20:10:32.000000,1261,LANDSAT-LT05-C02-T1_L2-LT05_201032_20110306,LT05,0.63,1,1,0,3.827861664411529,
1988-01-18 20:10:32.000000,1261,LANDSAT-LT05-C02-T1_L2-LT05_201032_19880118,LT05,0.6282,1,1,0,3.815895900334621,
2021-09-12 19:00:00.000000,1262,LANDSAT-LC08-C02-T1_L2-LC08_206040_20210912,LC08,1.053,1,1,0,10.427915601221155,
2020-06-05 19:00:00.000000,1262,LANDSAT-LC08-C02-T1_L2-LC08_206041_20200605,LC08,1.053,1,1,0,10.427915601221155,
1989-11-23 19:00:00.000000,1262,LANDSAT-LT05-C02-T1_L2-LT05_206040_19891123,LT05,0.9459,1,1,0,9.313613851864346,
1988-10-12 20:50:41.000000,1262,LANDSAT-LT05-C02-T1_L2-LT05_205041_19881012,LT05,0.6579,1,1,0,6.317172172921665,
2009-09-27 19:00:00.000000,1262,LANDSAT-LT05-C02-T1_L2-LT05_206040_20090927,LT05,0.5724,1,1,0,5.427603549485554,
2009-09-27 19:00:00.000000,1262,LANDSAT-LT05-C02-T1_L2-LT05_206041_20090927,LT05,0.5706,1,1,0,5.4088757889921615,
2011-01-04 19:00:00.000000,1262,LANDSAT-LT05-C02-T1_L2-LT05_206041_20110104,LT05,0.5544,1,1,0,5.240325944551636,
2000-10-21 20:50:41.000000,1262,LANDSAT-LE07-C02-T1_L2-LE07_205041_20001021,LE07,0.5112,1,1,0,4.790859692710234,
1987-01-18 19:00:00.000000,1262,LANDSAT-LT05-C02-T1_L2-LT05_206041_19870118,LT05,0.4896,1,1,0,4.566126566789532,
1988-07-08 20:50:41.000000,1262,LANDSAT-LT05-C02-T1_L2-LT05_205041_19880708,LT05,0.4509,1,1,0,4.16347971618161,
2022-11-13 20:50:41.000000,1262,LANDSAT-LE07-C02-T1_L2-LE07_205041_20221113,LE07,0.4212,1,1,0,3.8544716680406457,
1986-01-08 20:50:41.000000,1262,LANDSAT-LT05-C02-T1_L2-LT05_205041_19860108,LT05,0.3528,1,1,0,3.1428167692917586,
1996-02-25 20:10:30.000000,1263,LANDSAT-LT05-C02-T1_L2-LT05_201030_19960225,LT05,2.304,1,1,0,9.493580943353747,
2010-02-15 20:10:30.000000,1263,LANDSAT-LT05-C02-T1_L2-LT05_201030_20100215,LT05,2.2788,1,1,0,9.384808972725173,
2017-12-03 20:10:30.000000,1263,LANDSAT-LC08-C02-T1_L2-LC08_201030_20171203,LC08,1.4409,1,1,0,5.768140949325055,
1994-01-18 20:10:30.000000,1263,LANDSAT-LT05-C02-T1_L2-LT05_201030_19940118,LT05,1.4121,1,1,0,5.643830125749539,
1992-04-02 20:10:30.000000,1264,LANDSAT-LT05-C02-T1_L2-LT05_201030_19920402,LT05,0.7533,1,1,0,7.2923513055037175,
1995-02-06 20:10:30.000000,1264,LANDSAT-LT05-C02-T1_L2-LT05_201030_19950206,LT05,0.7353,1,1,0,7.07685250749569,
2002-02-18 20:00:30.000000,1264,LANDSAT-LT05-C02-T1_L2-LT05_200030_20020218,LT05,0.7092,1,1,0,6.764379250384053,
2005-01-25 20:00:30.000000,1264,LANDSAT-LT05-C02-T1_L2-LT05_200030_20050125,LT05,0.5553,1,1,0,4.921864527415418,
1985-01-02 20:00:30.000000,1264,LANDSAT-LT05-C02-T1_L2-LT05_200030_19850102,LT05,0.4347,1,1,0,3.478022580761635,
2001-02-15 20:00:30.000000,1264,LANDSAT-LT05-C02-T1_L2-LT05_200030_20010215,LT05,0.4284,1,1,0,3.4025980014588257,
2006-01-28 20:00:30.000000,1264,LANDSAT-LT05-C02-T1_L2-LT05_200030_20060128,LT05,0.4185,1,1,0,3.2840736625544102,
2018-01-20 20:10:32.000000,1673,LANDSAT-LC08-C02-T1_L2-LC08_201032_20180120,LC08,3.2751,1,1,0,12.334211842815222,
1991-10-18 20:00:34.000000,1674,LANDSAT-LT05-C02-T1_L2-LT05_200034_19911018,LT05,1.6812,1,1,0,11.678322214785494,
2002-11-09 20:00:34.000000,1674,LANDSAT-LE07-C02-T1_L2-LE07_200034_20021109,LE07,1.26,1,1,0,8.53243280095622,
2001-12-08 20:00:34.000000,1674,LANDSAT-LE07-C02-T1_L2-LE07_200034_20011208,LE07,0.954,1,1,0,6.246957585781107,
2010-12-23 20:20:34.000000,1675,LANDSAT-LT05-C02-T1_L2-LT05_202034_20101223,LT05,9.1962,1,1,0,8.96045257981328,
2001-01-12 20:20:34.000000,1675,LANDSAT-LT05-C02-T1_L2-LT05_202034_20010112,LT05,7.8093,1,1,0,7.475033109130014,
1995-08-08 20:20:34.000000,1675,LANDSAT-LT05-C02-T1_L2-LT05_202034_19950808,LT05,5.1975,1,1,0,4.677701957979566,
2016-06-14 20:20:34.000000,1675,LANDSAT-LC08-C02-T1_L2-LC08_202034_20160614,LC08,4.5621,1,1,0,3.9971658474653635,
2019-11-30 20:20:34.000000,1675,LANDSAT-LC08-C02-T1_L2-LC08_202034_20191130,LC08,4.3047,1,1,0,3.7214812474553614,
2018-01-11 20:20:34.000000,1675,LANDSAT-LC08-C02-T1_L2-LC08_202034_20180111,LC08,4.1373,1,1,0,3.542189864232072,
2020-01-01 20:20:34.000000,1675,LANDSAT-LC08-C02-T1_L2-LC08_202034_20200101,LC08,3.8979,1,1,0,3.2857839075794124,
2000-05-25 20:20:34.000000,1675,LANDSAT-LE07-C02-T1_L2-LE07_202034_20000525,LE07,3.8295,1,1,0,3.212525062821509,
2005-05-15 20:20:34.000000,1675,LANDSAT-LT05-C02-T1_L2-LT05_202034_20050515,LT05,3.6702,1,1,0,3.0419090691090247,
1994-11-09 20:20:34.000000,1676,LANDSAT-LT05-C02-T1_L2-LT05_202034_19941109,LT05,6.6663,1,1,0,19.432355885089287,
2000-12-02 20:30:34.000000,1676,LANDSAT-LT05-C02-T1_L2-LT05_203034_20001202,LT05,3.1932,1,1,0,8.27319885201462,
2001-10-03 20:20:34.000000,1676,LANDSAT-LE07-C02-T1_L2-LE07_202034_20011003,LE07,2.5371,1,1,0,6.165133167352419,
2008-11-15 20:20:34.000000,1676,LANDSAT-LT05-C02-T1_L2-LT05_202034_20081115,LT05,2.4867,1,1,0,6.003196708722674,
2008-11-22 20:30:34.000000,1676,LANDSAT-LT05-C02-T1_L2-LT05_203034_20081122,LT05,2.3364,1,1,0,5.520279055308974,
2005-11-23 20:20:34.000000,1676,LANDSAT-LT05-C02-T1_L2-LT05_202034_20051123,LT05,1.9998,1,1,0,4.438774849460328,
2011-11-15 20:30:34.000000,1676,LANDSAT-LT05-C02-T1_L2-LT05_203034_20111115,LT05,1.6641,1,1,0,3.360162366087213,
2004-10-26 20:30:34.000000,1676,LANDSAT-LT05-C02-T1_L2-LT05_203034_20041026,LT05,1.6308,1,1,0,3.253168634492562,
2006-11-26 20:20:34.000000,1676,LANDSAT-LT05-C02-T1_L2-LT05_202034_20061126,LT05,1.6164,1,1,0,3.2069010748840636,
1991-12-21 20:00:34.000000,1677,LANDSAT-LT05-C02-T1_L2-LT05_200034_19911221,LT05,19.3032,1,1,0,11.789226656369715,
1991-12-21 20:00:35.000000,1677,LANDSAT-LT05-C02-T1_L2-LT05_200035_19911221,LT05,19.1736,1,1,0,11.67540189566065,
1992-03-19 19:00:00.000000,1677,LANDSAT-LT05-C02-T1_L2-LT05_199035_19920319,LT05,12.726,1,1,0,6.012620050384633,
1994-02-12 20:00:34.000000,1677,LANDSAT-LT05-C02-T1_L2-LT05_200034_19940212,LT05,11.205,1,1,0,4.676760011507404,
2001-11-22 20:00:34.000000,1677,LANDSAT-LE07-C02-T1_L2-LE07_200034_20011122,LE07,10.3491,1,1,0,3.925042320991283,
2004-02-17 19:00:00.000000,1677,LANDSAT-LT05-C02-T1_L2-LT05_199035_20040217,LT05,10.2033,1,1,0,3.796989465193584,
1986-02-15 19:00:00.000000,1677,LANDSAT-LT05-C02-T1_L2-LT05_199035_19860215,LT05,9.6255,1,1,0,3.2895207403656666,
2005-03-14 20:00:35.000000,1677,LANDSAT-LT05-C02-T1_L2-LT05_200035_20050314,LT05,9.4257,1,1,0,3.1140409009391905,
2022-02-26 19:00:00.000000,1677,LANDSAT-LC09-C02-T1_L2-LC09_199035_20220226,LC09,1.6704,1,1,0,3.697264397880385,
2003-01-14 19:00:00.000000,1678,LANDSAT-LE07-C02-T1_L2-LE07_198030_20030114,LE07,336.3678,1,1,0,5.715092460608269,
1990-12-16 20:20:34.000000,1679,LANDSAT-LT05-C02-T1_L2-LT05_202034_19901216,LT05,1.719,1,1,0,17.211471066333207,
1991-08-13 20:20:34.000000,1679,LANDSAT-LT05-C02-T1_L2-LT05_202034_19910813,LT05,0.6048,1,1,0,5.373786471578003,
2015-01-19 20:20:34.000000,1679,LANDSAT-LC08-C02-T1_L2-LC08_202034_20150119,LC08,0.5643,1,1,0,4.943499067083671,
1998-11-04 20:20:34.000000,1679,LANDSAT-LT05-C02-T1_L2-LT05_202034_19981104,LT05,0.5274,1,1,0,4.551459431877722,
1985-09-22 20:10:35.000000,1679,LANDSAT-LT05-C02-T1_L2-LT05_201035_19850922,LT05,0.5247,1,1,0,4.522773604911435,
1985-09-22 20:10:34.000000,1679,LANDSAT-LT05-C02-T1_L2-LT05_201034_19850922,LT05,0.5193,1,1,0,4.465401950978856,
1992-10-11 20:10:34.000000,1679,LANDSAT-LT05-C02-T1_L2-LT05_201034_19921011,LT05,0.4761,1,1,0,4.006428719518235,
2016-03-19 20:10:34.000000,1679,LANDSAT-LC08-C02-T1_L2-LC08_201034_20160319,LC08,0.4365,1,1,0,3.5857032573459975,
2016-03-19 20:10:35.000000,1679,LANDSAT-LC08-C02-T1_L2-LC08_201035_20160319,LC08,0.4257,1,1,0,3.4709599494808425,
1999-01-16 20:10:34.000000,1679,LANDSAT-LT05-C02-T1_L2-LT05_201034_19990116,LT05,0.4023,1,1,0,3.2223494491063387,
1992-10-11 20:10:35.000000,1679,LANDSAT-LT05-C02-T1_L2-LT05_201035_19921011,LT05,0.3897,1,1,0,3.0884822565969907,
1998-01-13 20:10:34.000000,1680,LANDSAT-LT05-C02-T1_L2-LT05_201034_19980113,LT05,0.2727,1,1,0,10.896361086358828,
2003-09-24 20:10:34.000000,1680,LANDSAT-LT05-C02-T1_L2-LT05_201034_20030924,LT05,0.2025,1,1,0,7.969437611583385,
1998-03-02 20:10:34.000000,1680,LANDSAT-LT05-C02-T1_L2-LT05_201034_19980302,LT05,0.0999,1,1,0,3.6916263792192736,
2011-02-18 20:10:34.000000,1680,LANDSAT-LT05-C02-T1_L2-LT05_201034_20110218,LT05,0.0999,1,1,0,3.6916263792192736,
1998-02-14 20:10:34.000000,1680,LANDSAT-LT05-C02-T1_L2-LT05_201034_19980214,LT05,0.0981,1,1,0,3.6165770593532365,
1997-12-28 20:10:34.000000,1680,LANDSAT-LT05-C02-T1_L2-LT05_201034_19971228,LT05,0.0954,1,1,0,3.5040030795541806,
1998-03-18 20:10:34.000000,1680,LANDSAT-LT05-C02-T1_L2-LT05_201034_19980318,LT05,0.0927,1,1,0,3.3914290997551255,
1997-03-15 20:10:34.000000,1680,LANDSAT-LT05-C02-T1_L2-LT05_201034_19970315,LT05,0.0882,1,1,0,3.203805800090033,
1997-02-11 20:10:34.000000,1680,LANDSAT-LT05-C02-T1_L2-LT05_201034_19970211,LT05,0.0864,1,1,0,3.1287564802239958,
2011-02-02 20:10:34.000000,1680,LANDSAT-LT05-C02-T1_L2-LT05_201034_20110202,LT05,0.0864,1,1,0,3.1287564802239958,
2011-03-22 20:10:34.000000,1680,LANDSAT-LT05-C02-T1_L2-LT05_201034_20110322,LT05,0.0855,1,1,0,3.0912318202909774,
2010-01-30 20:10:34.000000,1681,LANDSAT-LT05-C02-T1_L2-LT05_201034_20100130,LT05,0.5238,1,1,0,8.309070412621207,
1986-12-14 20:10:34.000000,1681,LANDSAT-LT05-C02-T1_L2-LT05_201034_19861214,LT05,0.3771,1,1,0,5.672348536743501,
1986-11-12 20:10:34.000000,1681,LANDSAT-LT05-C02-T1_L2-LT05_201034_19861112,LT05,0.306,1,1,0,4.394428118373324,
2010-01-14 20:10:34.000000,1681,LANDSAT-LT05-C02-T1_L2-LT05_201034_20100114,LT05,0.2925,1,1,0,4.151785000961265,
2020-12-04 20:00:34.000000,1682,LANDSAT-LC08-C02-T1_L2-LC08_200034_20201204,LC08,2.2248,1,1,0,31.43782072480933,
1987-02-16 20:10:34.000000,1682,LANDSAT-LT05-C02-T1_L2-LT05_201034_19870216,LT05,0.2673,1,1,0,3.585772462142249,
1998-01-13 20:10:34.000000,1683,LANDSAT-LT05-C02-T1_L2-LT05_201034_19980113,LT05,2.8764,1,1,0,11.29067315854493,
2010-03-12 20:00:34.000000,1683,LANDSAT-LT05-C02-T1_L2-LT05_200034_20100312,LT05,0.9288,1,1,0,3.2024114264326147,
1995-02-15 20:00:34.000000,1684,LANDSAT-LT05-C02-T1_L2-LT05_200034_19950215,LT05,0.3744,1,1,0,10.204917542189982,
2021-09-25 20:10:34.000000,1684,LANDSAT-LC08-C02-T1_L2-LC08_201034_20210925,LC08,0.2745,1,1,0,7.1536382006741706,
1987-12-17 20:10:34.000000,1684,LANDSAT-LT05-C02-T1_L2-LT05_201034_19871217,LT05,0.2736,1,1,0,7.126149197597451,
2017-08-29 20:10:34.000000,1684,LANDSAT-LC08-C02-T1_L2-LC08_201034_20170829,LC08,0.2007,1,1,0,4.89953994838321,
2018-11-04 20:10:34.000000,1685,LANDSAT-LC08-C02-T1_L2-LC08_201034_20181104,LC08,1.6443,1,1,0,3.980585002372745,
2018-11-28 20:10:34.000000,1685,LANDSAT-LE07-C02-T1_L2-LE07_201034_20181128,LE07,1.5354,1,1,0,3.653971626509721,
1990-01-07 20:10:34.000000,1685,LANDSAT-LT05-C02-T1_L2-LT05_201034_19900107,LT05,1.5237,1,1,0,3.618880933235181,
2018-12-06 20:10:34.000000,1685,LANDSAT-LC08-C02-T1_L2-LC08_201034_20181206,LC08,1.4877,1,1,0,3.5109095693135197,
2018-12-22 20:10:34.000000,1685,LANDSAT-LC08-C02-T1_L2-LC08_201034_20181222,LC08,1.4238,1,1,0,3.3192603983525717,
2018-12-30 20:10:34.000000,1685,LANDSAT-LE07-C02-T1_L2-LE07_201034_20181230,LE07,1.4067,1,1,0,3.267974000489783,
2019-01-07 20:10:34.000000,1685,LANDSAT-LC08-C02-T1_L2-LC08_201034_20190107,LC08,1.4031,1,1,0,3.257176864097617,
1984-10-30 20:00:34.000000,1911,LANDSAT-LT05-C02-T1_L2-LT05_200034_19841030,LT05,0.369,1,1,0,10.537095827766107,
1990-11-23 20:10:34.000000,1911,LANDSAT-LT05-C02-T1_L2-LT05_201034_19901123,LT05,0.3168,1,1,0,8.828084838655293,
1988-01-18 20:10:34.000000,1911,LANDSAT-LT05-C02-T1_L2-LT05_201034_19880118,LT05,0.2925,1,1,0,8.032510757517498,
2002-01-25 20:00:34.000000,1911,LANDSAT-LE07-C02-T1_L2-LE07_200034_20020125,LE07,0.261,1,1,0,7.001211022709247,
2001-07-01 20:00:34.000000,1911,LANDSAT-LE07-C02-T1_L2-LE07_200034_20010701,LE07,0.1791,1,1,0,4.319831712207794,
1998-11-29 20:10:34.000000,1911,LANDSAT-LT05-C02-T1_L2-LT05_201034_19981129,LT05,0.1629,1,1,0,3.7894489914492646,
2015-02-22 20:00:34.000000,1911,LANDSAT-LC08-C02-T1_L2-LC08_200034_20150222,LC08,0.1539,1,1,0,3.4947919243611936,
2016-12-09 20:00:34.000000,1911,LANDSAT-LC08-C02-T1_L2-LC08_200034_20161209,LC08,0.1431,1,1,0,3.141203443855507,
1998-01-29 20:10:34.000000,1911,LANDSAT-LT05-C02-T1_L2-LT05_201034_19980129,LT05,0.1413,1,1,0,3.0822720304378928,
2001-03-02 20:10:34.000000,1912,LANDSAT-LE07-C02-T1_L2-LE07_201034_20010302,LE07,0.378,1,1,0,6.872763396216371,
1998-04-12 20:00:34.000000,1912,LANDSAT-LT05-C02-T1_L2-LT05_200034_19980412,LT05,0.2241,1,1,0,3.690062227916744,
1998-02-14 20:10:34.000000,1912,LANDSAT-LT05-C02-T1_L2-LT05_201034_19980214,LT05,0.2115,1,1,0,3.4294902024419205,
2003-03-01 20:00:34.000000,1912,LANDSAT-LE07-C02-T1_L2-LE07_200034_20030301,LE07,0.2052,1,1,0,3.2992041897045095,
1998-02-07 20:00:34.000000,1912,LANDSAT-LT05-C02-T1_L2-LT05_200034_19980207,LT05,0.2043,1,1,0,3.280591902170593,
1998-02-23 20:00:34.000000,1912,LANDSAT-LT05-C02-T1_L2-LT05_200034_19980223,LT05,0.2007,1,1,0,3.2061427520349297,
1997-01-26 20:10:34.000000,1912,LANDSAT-LT05-C02-T1_L2-LT05_201034_19970126,LT05,0.1998,1,1,0,3.1875304645010134,
1998-03-02 20:10:34.000000,1912,LANDSAT-LT05-C02-T1_L2-LT05_201034_19980302,LT05,0.1962,1,1,0,3.11308131436535,
2001-02-07 20:00:34.000000,1912,LANDSAT-LE07-C02-T1_L2-LE07_200034_20010207,LE07,0.1944,1,1,0,3.0758567392975174,
2001-03-11 20:00:34.000000,1912,LANDSAT-LE07-C02-T1_L2-LE07_200034_20010311,LE07,0.1935,1,1,0,3.0572444517636024,
2001-01-12 20:20:34.000000,1913,LANDSAT-LT05-C02-T1_L2-LT05_202034_20010112,LT05,5.9292,1,1,0,25.58089725508839,
1999-12-17 20:20:34.000000,1913,LANDSAT-LE07-C02-T1_L2-LE07_202034_19991217,LE07,4.0059,1,1,0,17.107014235430317,
2000-12-04 20:10:34.000000,1913,LANDSAT-LT05-C02-T1_L2-LT05_201034_20001204,LT05,1.4607,1,1,0,5.893096977782663,
2024-11-04 20:10:34.000000,1913,LANDSAT-LC08-C02-T1_L2-LC08_201034_20241104,LC08,0.8082,1,1,0,3.0182419523956225,
1985-12-02 20:20:35.000000,1914,LANDSAT-LT05-C02-T1_L2-LT05_202035_19851202,LT05,2.871,1,1,0,16.758340715038205,
1986-10-18 20:20:35.000000,1914,LANDSAT-LT05-C02-T1_L2-LT05_202035_19861018,LT05,0.6426,1,1,0,3.0936396266412394,
2005-11-23 20:20:35.000000,1915,LANDSAT-LT05-C02-T1_L2-LT05_202035_20051123,LT05,1.6326,1,1,0,10.514961035123653,
1985-11-16 20:20:35.000000,1915,LANDSAT-LT05-C02-T1_L2-LT05_202035_19851116,LT05,1.5174,1,1,0,9.700432899939859,
1998-10-14 19:00:00.000000,2035,LANDSAT-LT05-C02-T1_L2-LT05_199033_19981014,LT05,0.4581,1,1,0,4.046247100265345,
1998-10-14 19:00:00.000000,2035,LANDSAT-LT05-C02-T1_L2-LT05_199034_19981014,LT05,0.4527,1,1,0,3.9789510122645892,
1992-03-19 19:00:00.000000,2035,LANDSAT-LT05-C02-T1_L2-LT05_199034_19920319,LT05,0.3852,1,1,0,3.1377499122551447,
1996-03-30 19:00:00.000000,2036,LANDSAT-LT05-C02-T1_L2-LT05_199034_19960330,LT05,0.396,1,1,0,12.5720711988225,
2015-01-22 19:00:00.000000,2036,LANDSAT-LE07-C02-T1_L2-LE07_199034_20150122,LE07,0.2961,1,1,0,9.062029794445477,
2011-02-28 19:00:00.000000,2036,LANDSAT-LE07-C02-T1_L2-LE07_199034_20110228,LE07,0.2718,1,1,0,8.208235939326743,
1995-12-25 19:00:00.000000,2036,LANDSAT-LT05-C02-T1_L2-LT05_199034_19951225,LT05,0.2169,1,1,0,6.2792942666510845,
2023-11-28 19:00:00.000000,2036,LANDSAT-LC09-C02-T1_L2-LC09_199034_20231128,LC09,0.1764,1,1,0,4.85630450811986,
2016-10-31 19:00:00.000000,2036,LANDSAT-LC08-C02-T1_L2-LC08_199034_20161031,LC08,0.1458,1,1,0,3.781156690562935,
2002-09-15 19:00:00.000000,2036,LANDSAT-LE07-C02-T1_L2-LE07_199034_20020915,LE07,0.1314,1,1,0,3.275204776418499,
2006-11-21 19:00:00.000000,2036,LANDSAT-LT05-C02-T1_L2-LT05_199034_20061121,LT05,0.1296,1,1,0,3.2119607871504443,
2024-12-21 20:20:30.000000,2037,LANDSAT-LC09-C02-T1_L2-LC09_202030_20241221,LC09,0.837,1,1,0,3.556873385061637,
1986-10-29 19:00:00.000000,2038,LANDSAT-LT05-C02-T1_L2-LT05_199031_19861029,LT05,4.1202,1,1,0,5.186401458227957,
1987-01-01 19:00:00.000000,2038,LANDSAT-LT05-C02-T1_L2-LT05_199031_19870101,LT05,4.0599,1,1,0,5.100233287186374,
1987-03-22 19:00:00.000000,2038,LANDSAT-LT05-C02-T1_L2-LT05_199031_19870322,LT05,3.3228,1,1,0,4.046923853110895,
1997-03-17 19:00:00.000000,2038,LANDSAT-LT05-C02-T1_L2-LT05_199031_19970317,LT05,3.1761,1,1,0,3.837290839979878,
2000-02-22 19:00:00.000000,2038,LANDSAT-LT05-C02-T1_L2-LT05_199031_20000222,LT05,2.9376,1,1,0,3.4964764321288384,
1984-03-19 19:00:00.000000,2038,LANDSAT-LT05-C02-T1_L2-LT05_199031_19840319,LT05,2.8476,1,1,0,3.367867221619012,
1987-01-17 19:00:00.000000,2038,LANDSAT-LT05-C02-T1_L2-LT05_199031_19870117,LT05,2.6784,1,1,0,3.1260819058605382,
1989-12-24 19:00:00.000000,2038,LANDSAT-LT05-C02-T1_L2-LT05_199031_19891224,LT05,2.6163,1,1,0,3.0373415506087578,
1988-01-04 19:00:00.000000,2038,LANDSAT-LT05-C02-T1_L2-LT05_199031_19880104,LT05,2.6019,1,1,0,3.016764076927186,
2010-12-25 20:00:32.000000,2039,LANDSAT-LT05-C02-T1_L2-LT05_200032_20101225,LT05,8.2647,1,1,0,13.317834603456367,
2006-12-30 20:00:32.000000,2039,LANDSAT-LT05-C02-T1_L2-LT05_200032_20061230,LT05,7.2738,1,1,0,11.695220713525096,
1990-02-01 20:00:32.000000,2039,LANDSAT-LT05-C02-T1_L2-LT05_200032_19900201,LT05,4.1373,1,1,0,6.55915404103601,
2001-12-24 20:00:32.000000,2039,LANDSAT-LE07-C02-T1_L2-LE07_200032_20011224,LE07,4.1202,1,1,0,6.531152529765625,
2001-12-25 19:00:00.000000,2039,LANDSAT-LT05-C02-T1_L2-LT05_199032_20011225,LT05,3.8835,1,1,0,6.14355266323345,
1991-01-28 19:00:00.000000,2039,LANDSAT-LT05-C02-T1_L2-LT05_199032_19910128,LT05,3.1914,1,1,0,5.010228338658383,
2000-01-21 19:00:00.000000,2039,LANDSAT-LT05-C02-T1_L2-LT05_199032_20000121,LT05,2.8242,1,1,0,4.408932728220636,
2021-01-14 19:00:00.000000,2039,LANDSAT-LC08-C02-T1_L2-LC08_199032_20210114,LC08,2.763,1,1,0,4.308716793147679,
1986-02-22 20:00:32.000000,2039,LANDSAT-LT05-C02-T1_L2-LT05_200032_19860222,LT05,2.7252,1,1,0,4.2468187156026165,
2006-01-28 20:00:33.000000,2069,LANDSAT-LT05-C02-T1_L2-LT05_200033_20060128,LT05,67.0977,1,1,0,22.23542550384323,
2000-10-27 19:00:00.000000,2338,LANDSAT-LE07-C02-T1_L2-LE07_199032_20001027,LE07,10.062,1,1,0,7.262222277082356,
1996-02-04 19:00:00.000000,2338,LANDSAT-LT05-C02-T1_L2-LT05_198032_19960204,LT05,7.7805,1,1,0,5.433864335425834,
1996-02-04 19:00:00.000000,2338,LANDSAT-LT05-C02-T1_L2-LT05_198033_19960204,LT05,7.6815,1,1,0,5.354527304426931,
1987-12-12 19:00:00.000000,2338,LANDSAT-LT05-C02-T1_L2-LT05_198032_19871212,LT05,7.344,1,1,0,5.08406015329431,
1985-01-27 19:00:00.000000,2338,LANDSAT-LT05-C02-T1_L2-LT05_199032_19850127,LT05,7.0191,1,1,0,4.823690442470639,
1990-11-25 19:00:00.000000,2338,LANDSAT-LT05-C02-T1_L2-LT05_199032_19901125,LT05,6.4881,1,1,0,4.398155458021981,
1988-11-12 19:00:00.000000,2338,LANDSAT-LT05-C02-T1_L2-LT05_198033_19881112,LT05,6.4053,1,1,0,4.331800850277444,
2000-12-15 19:00:00.000000,2338,LANDSAT-LT05-C02-T1_L2-LT05_198032_20001215,LT05,6.3171,1,1,0,4.261118768114786,
1988-11-12 19:00:00.000000,2338,LANDSAT-LT05-C02-T1_L2-LT05_198032_19881112,LT05,6.2667,1,1,0,4.220729006878981,
1988-01-04 19:00:00.000000,2338,LANDSAT-LT05-C02-T1_L2-LT05_199032_19880104,LT05,6.2541,1,1,0,4.21063156657003,
1991-01-28 19:00:00.000000,2338,LANDSAT-LT05-C02-T1_L2-LT05_199032_19910128,LT05,6.0786,1,1,0,4.0699886479810665,
1993-01-10 19:00:00.000000,2338,LANDSAT-LT05-C02-T1_L2-LT05_198032_19930110,LT05,5.8194,1,1,0,3.862269875911213,
1993-01-10 19:00:00.000000,2338,LANDSAT-LT05-C02-T1_L2-LT05_198033_19930110,LT05,5.8005,1,1,0,3.8471237154477866,
1985-12-06 19:00:00.000000,2338,LANDSAT-LT05-C02-T1_L2-LT05_198032_19851206,LT05,5.6844,1,1,0,3.7540830154581646,
1990-01-02 19:00:00.000000,2338,LANDSAT-LT05-C02-T1_L2-LT05_198032_19900102,LT05,5.6754,1,1,0,3.7468705580946278,
1985-12-06 19:00:00.000000,2338,LANDSAT-LT05-C02-T1_L2-LT05_198033_19851206,LT05,5.6709,1,1,0,3.743264329412859,
1993-12-03 19:00:00.000000,2338,LANDSAT-LT05-C02-T1_L2-LT05_199032_19931203,LT05,5.6376,1,1,0,3.716578237167774,
1986-01-14 19:00:00.000000,2338,LANDSAT-LT05-C02-T1_L2-LT05_199032_19860114,LT05,5.6241,1,1,0,3.7057595511224695,
1991-01-05 19:00:00.000000,2338,LANDSAT-LT05-C02-T1_L2-LT05_198032_19910105,LT05,5.5251,1,1,0,3.626422520123567,
1992-01-15 19:00:00.000000,2338,LANDSAT-LT05-C02-T1_L2-LT05_199032_19920115,LT05,5.499,1,1,0,3.6055063937693106,
2000-12-15 19:00:00.000000,2338,LANDSAT-LT05-C02-T1_L2-LT05_198033_20001215,LT05,5.3946,1,1,0,3.521841888352286,
1988-11-19 19:00:00.000000,2338,LANDSAT-LT05-C02-T1_L2-LT05_199032_19881119,LT05,5.1219,1,1,0,3.3033044302371284,
1992-12-09 19:00:00.000000,2338,LANDSAT-LT05-C02-T1_L2-LT05_198033_19921209,LT05,5.1156,1,1,0,3.2982557100826524,
1986-01-30 19:00:00.000000,2338,LANDSAT-LT05-C02-T1_L2-LT05_199032_19860130,LT05,5.0841,1,1,0,3.2730121093102746,
1992-12-09 19:00:00.000000,2338,LANDSAT-LT05-C02-T1_L2-LT05_198032_19921209,LT05,5.0751,1,1,0,3.265799651946738,
1988-01-20 19:00:00.000000,2338,LANDSAT-LT05-C02-T1_L2-LT05_199032_19880120,LT05,5.0382,1,1,0,3.236228576756238,
1988-12-05 19:00:00.000000,2338,LANDSAT-LT05-C02-T1_L2-LT05_199032_19881205,LT05,5.0346,1,1,0,3.2333435938108237,
1988-11-28 19:00:00.000000,2338,LANDSAT-LT05-C02-T1_L2-LT05_198033_19881128,LT05,4.995,1,1,0,3.2016087814112626,
1988-11-28 19:00:00.000000,2338,LANDSAT-LT05-C02-T1_L2-LT05_198032_19881128,LT05,4.9932,1,1,0,3.2001662899385552,
2000-12-23 19:00:00.000000,2338,LANDSAT-LE07-C02-T1_L2-LE07_198033_20001223,LE07,4.8375,1,1,0,3.0753907775493725,
1986-12-16 19:00:00.000000,2338,LANDSAT-LT05-C02-T1_L2-LT05_199032_19861216,LT05,4.8105,1,1,0,3.053753405458763,
1987-12-28 19:00:00.000000,2338,LANDSAT-LT05-C02-T1_L2-LT05_198032_19871228,LT05,4.8033,1,1,0,3.0479834395679335,
1990-01-09 19:00:00.000000,2338,LANDSAT-LT05-C02-T1_L2-LT05_199032_19900109,LT05,4.7943,1,1,0,3.0407709822043967,
1986-12-25 19:00:00.000000,2338,LANDSAT-LT05-C02-T1_L2-LT05_198032_19861225,LT05,4.7637,1,1,0,3.0162486271683724,
1987-01-01 19:00:00.000000,2338,LANDSAT-LT05-C02-T1_L2-LT05_199032_19870101,LT05,4.7556,1,1,0,3.0097574155411895,
1990-01-14 20:20:34.000000,234,LANDSAT-LT05-C02-T1_L2-LT05_202034_19900114,LT05,425.1501,1,1,0,4.590679642463987,
1987-12-24 20:20:34.000000,234,LANDSAT-LT05-C02-T1_L2-LT05_202034_19871224,LT05,415.701,1,1,0,4.445288271124592,
2001-01-20 20:20:34.000000,234,LANDSAT-LE07-C02-T1_L2-LE07_202034_20010120,LE07,397.2456,1,1,0,4.161318801586005,
1997-02-18 20:20:34.000000,234,LANDSAT-LT05-C02-T1_L2-LT05_202034_19970218,LT05,365.2047,1,1,0,3.6683120189349157,
2001-02-13 20:20:34.000000,234,LANDSAT-LT05-C02-T1_L2-LT05_202034_20010213,LT05,357.0183,1,1,0,3.542349554538008,
1996-02-16 20:20:34.000000,234,LANDSAT-LT05-C02-T1_L2-LT05_202034_19960216,LT05,356.6628,1,1,0,3.5368795486632525,
2004-01-05 20:20:34.000000,234,LANDSAT-LT05-C02-T1_L2-LT05_202034_20040105,LT05,350.7093,1,1,0,3.4452742604062663,
1990-02-15 20:20:34.000000,234,LANDSAT-LT05-C02-T1_L2-LT05_202034_19900215,LT05,338.4639,1,1,0,3.256856792224173,
2011-02-25 20:20:34.000000,234,LANDSAT-LT05-C02-T1_L2-LT05_202034_20110225,LT05,335.5434,1,1,0,3.211919655354344,
2001-02-21 20:20:34.000000,234,LANDSAT-LE07-C02-T1_L2-LE07_202034_20010221,LE07,335.4417,1,1,0,3.21035481823068,
1988-02-10 20:20:34.000000,234,LANDSAT-LT05-C02-T1_L2-LT05_202034_19880210,LT05,332.8254,1,1,0,3.1700983446157047,
2004-01-21 20:20:34.000000,234,LANDSAT-LT05-C02-T1_L2-LT05_202034_20040121,LT05,321.9444,1,1,0,3.0026746204997616,
2001-03-18 20:10:33.000000,235,LANDSAT-LE07-C02-T1_L2-LE07_201033_20010318,LE07,9.9963,1,1,0,4.522698490644173,
1997-01-26 20:10:33.000000,235,LANDSAT-LT05-C02-T1_L2-LT05_201033_19970126,LT05,9.6273,1,1,0,4.3243500425325525,
1997-02-11 20:10:33.000000,235,LANDSAT-LT05-C02-T1_L2-LT05_201033_19970211,LT05,9.5832,1,1,0,4.3006449840997,
2011-02-02 20:10:33.000000,235,LANDSAT-LT05-C02-T1_L2-LT05_201033_20110202,LT05,9.0234,1,1,0,3.999735875013289,
2010-05-06 20:10:33.000000,235,LANDSAT-LT05-C02-T1_L2-LT05_201033_20100506,LT05,8.3736,1,1,0,3.6504490956557505,
2011-03-31 20:00:33.000000,235,LANDSAT-LT05-C02-T1_L2-LT05_200033_20110331,LT05,8.3709,1,1,0,3.6489977655476173,
2010-01-30 20:10:33.000000,235,LANDSAT-LT05-C02-T1_L2-LT05_201033_20100130,LT05,7.8489,1,1,0,3.3684072779750798,
2007-01-27 20:40:31.000000,2453,LANDSAT-LT05-C02-T1_L2-LT05_204031_20070127,LT05,74.6136,1,0,1,2.1715420865528103,11.013483167770417
2021-11-10 20:50:30.000000,2453,LANDSAT-LC09-C02-T1_L2-LC09_205030_20211110,LC09,74.3769,1,0,1,2.14834260452518,10.915583885209713
2007-05-03 20:40:31.000000,2453,LANDSAT-LT05-C02-T1_L2-LT05_204031_20070503,LT05,73.593,1,0,1,2.0715108598633325,10.591362306843266
2023-10-11 20:40:31.000000,2453,LANDSAT-LE07-C02-T1_L2-LE07_204031_20231011,LE07,62.6985,1,0,1,1.003717209884384,6.085389624724063
1993-04-21 20:10:34.000000,446,LANDSAT-LT05-C02-T1_L2-LT05_201034_19930421,LT05,3.0384,1,1,1,16.314360085041926,17.13466666666667
1994-11-09 20:20:34.000000,447,LANDSAT-LT05-C02-T1_L2-LT05_202034_19941109,LT05,67.9257,1,1,0,15.383593771531975,
1984-04-30 19:00:00.000000,448,LANDSAT-LT05-C02-T1_L2-LT05_199035_19840430,LT05,4.4658,1,1,0,5.416103101645908,
1988-12-05 19:00:00.000000,448,LANDSAT-LT05-C02-T1_L2-LT05_199034_19881205,LT05,4.4613,1,1,0,5.405966050921501,
1997-09-25 19:00:00.000000,448,LANDSAT-LT05-C02-T1_L2-LT05_199034_19970925,LT05,4.275,1,1,0,4.9862921509310505,
2000-03-01 19:00:00.000000,448,LANDSAT-LE07-C02-T1_L2-LE07_199034_20000301,LE07,3.9825,1,1,0,4.32738385384459,
1996-01-10 19:00:00.000000,448,LANDSAT-LT05-C02-T1_L2-LT05_199035_19960110,LT05,3.7944,1,1,0,3.903655133564375,
2022-07-20 19:00:00.000000,448,LANDSAT-LC09-C02-T1_L2-LC09_199034_20220720,LC09,0.7281,1,1,0,3.0037312300465975,
2022-07-20 19:00:00.000000,448,LANDSAT-LC09-C02-T1_L2-LC09_199035_20220720,LC09,0.7047,1,1,0,3.0564438938135146,
2022-12-03 19:00:00.000000,448,LANDSAT-LC08-C02-T1_L2-LC08_199034_20221203,LC08,0.5409,1,1,0,3.425432540181931,
2024-10-29 19:00:00.000000,448,LANDSAT-LC09-C02-T1_L2-LC09_199034_20241029,LC09,0.5391,1,1,0,3.4294873604716947,
2024-10-29 19:00:00.000000,448,LANDSAT-LC09-C02-T1_L2-LC09_199035_20241029,LC09,0.4932,1,1,0,3.5328852778606463,
2022-12-03 19:00:00.000000,448,LANDSAT-LC08-C02-T1_L2-LC08_199035_20221203,LC08,0.4284,1,1,0,3.6788588082921083,
2022-11-17 19:00:00.000000,448,LANDSAT-LC08-C02-T1_L2-LC08_199034_20221117,LC08,0.3501,1,1,0,3.8552434908967905,
2022-07-28 19:00:00.000000,448,LANDSAT-LC08-C02-T1_L2-LC08_199034_20220728,LC08,0.2871,1,1,0,3.9971622010384893,
2022-11-17 19:00:00.000000,448,LANDSAT-LC08-C02-T1_L2-LC08_199035_20221117,LC08,0.2862,1,1,0,3.9991896111833714,
2022-07-28 19:00:00.000000,448,LANDSAT-LC08-C02-T1_L2-LC08_199035_20220728,LC08,0.2691,1,1,0,4.037710403936118,
2022-08-02 19:00:00.000000,448,LANDSAT-LE07-C02-T1_L2-LE07_199035_20220802,LE07,0.1971,1,1,0,4.199903215526631,
2022-08-02 19:00:00.000000,448,LANDSAT-LE07-C02-T1_L2-LE07_199034_20220802,LE07,0.1404,1,1,0,4.3276300546541595,
2022-08-05 19:00:00.000000,448,LANDSAT-LC09-C02-T1_L2-LC09_199034_20220805,LC09,0.1062,1,1,0,4.404671640159654,
2022-08-05 19:00:00.000000,448,LANDSAT-LC09-C02-T1_L2-LC09_199035_20220805,LC09,0.1008,1,1,0,4.4168361010289425,
2022-09-22 19:00:00.000000,448,LANDSAT-LC09-C02-T1_L2-LC09_199034_20220922,LC09,0.0342,1,1,0,4.566864451750167,
2022-08-19 19:00:00.000000,448,LANDSAT-LE07-C02-T1_L2-LE07_199035_20220819,LE07,0.0333,1,1,0,4.568891861895048,
2022-08-19 19:00:00.000000,448,LANDSAT-LE07-C02-T1_L2-LE07_199034_20220819,LE07,0.0306,1,1,0,4.5749740923296915,
2022-09-22 19:00:00.000000,448,LANDSAT-LE07-C02-T1_L2-LE07_199035_20220922,LE07,0.0117,1,1,0,4.617549705372203,
2022-09-22 19:00:00.000000,448,LANDSAT-LE07-C02-T1_L2-LE07_199034_20220922,LE07,0.009,1,1,0,4.623631935806847,
2022-08-21 19:00:00.000000,448,LANDSAT-LC09-C02-T1_L2-LC09_199034_20220821,LC09,0.0072,1,1,0,4.627686756096609,
2022-08-21 19:00:00.000000,448,LANDSAT-LC09-C02-T1_L2-LC09_199035_20220821,LC09,0.0072,1,1,0,4.627686756096609,
2022-09-30 19:00:00.000000,448,LANDSAT-LC08-C02-T1_L2-LC08_199034_20220930,LC08,0.0054,1,1,0,4.631741576386372,
2022-09-30 19:00:00.000000,448,LANDSAT-LC08-C02-T1_L2-LC08_199035_20220930,LC08,0.0045,1,1,0,4.633768986531253,
2022-09-05 19:00:00.000000,448,LANDSAT-LE07-C02-T1_L2-LE07_199034_20220905,LE07,0.0045,1,1,0,4.633768986531253,
2022-09-05 19:00:00.000000,448,LANDSAT-LE07-C02-T1_L2-LE07_199035_20220905,LE07,0.0036,1,1,0,4.635796396676135,
2022-10-08 19:00:00.000000,448,LANDSAT-LC09-C02-T1_L2-LC09_199034_20221008,LC09,0.0027,1,1,0,4.637823806821016,
2022-10-08 19:00:00.000000,448,LANDSAT-LC09-C02-T1_L2-LC09_199035_20221008,LC09,0.0027,1,1,0,4.637823806821016,
2022-11-01 19:00:00.000000,448,LANDSAT-LC08-C02-T1_L2-LC08_199034_20221101,LC08,0.0018,1,1,0,4.639851216965898,
2022-10-24 19:00:00.000000,448,LANDSAT-LC09-C02-T1_L2-LC09_199034_20221024,LC09,0.0018,1,1,0,4.639851216965898,
2022-11-01 19:00:00.000000,448,LANDSAT-LC08-C02-T1_L2-LC08_199035_20221101,LC08,0.0009,1,1,0,4.641878627110779,
2022-10-24 19:00:00.000000,448,LANDSAT-LC09-C02-T1_L2-LC09_199035_20221024,LC09,0.0009,1,1,0,4.641878627110779,
2022-11-09 19:00:00.000000,448,LANDSAT-LC09-C02-T1_L2-LC09_199034_20221109,LC09,0.0,1,1,0,4.64390603725566,
2022-11-09 19:00:00.000000,448,LANDSAT-LC09-C02-T1_L2-LC09_199035_20221109,LC09,0.0,1,1,0,4.64390603725566,
2022-11-28 19:00:00.000000,449,LANDSAT-LC08-C02-T1_L2-LC08_196032_20221128,LC08,16.9443,1,1,0,11.40736163115948,
2022-11-28 19:00:00.000000,449,LANDSAT-LC08-C02-T1_L2-LC08_196033_20221128,LC08,16.9443,1,1,0,11.40736163115948,
2006-05-31 19:00:00.000000,449,LANDSAT-LT05-C02-T1_L2-LT05_197032_20060531,LT05,16.9443,1,1,0,11.40736163115948,
1989-11-24 19:00:00.000000,449,LANDSAT-LT05-C02-T1_L2-LT05_197032_19891124,LT05,16.938,1,1,0,11.402812811826234,
1984-05-18 19:00:00.000000,449,LANDSAT-LT05-C02-T1_L2-LT05_197032_19840518,LT05,11.349,1,1,0,7.36736023190246,
2014-12-15 19:00:00.000000,449,LANDSAT-LC08-C02-T1_L2-LC08_197032_20141215,LC08,6.4863,1,1,0,3.8563215379687787,
1999-12-14 19:00:00.000000,449,LANDSAT-LE07-C02-T1_L2-LE07_197032_19991214,LE07,6.0867,1,1,0,3.567796425974229,
1990-10-19 19:00:00.000000,449,LANDSAT-LT05-C02-T1_L2-LT05_196032_19901019,LT05,5.8716,1,1,0,3.4124867373104952,
1990-10-19 19:00:00.000000,449,LANDSAT-LT05-C02-T1_L2-LT05_196033_19901019,LT05,5.7681,1,1,0,3.3377561339785733,
1992-05-29 20:00:33.000000,450,LANDSAT-LT05-C02-T1_L2-LT05_200033_19920529,LT05,0.6075,1,1,0,4.18566349611888,
1984-05-07 20:00:33.000000,450,LANDSAT-LT05-C02-T1_L2-LT05_200033_19840507,LT05,0.6012,1,1,0,4.13092962591962,
2006-01-28 20:00:33.000000,450,LANDSAT-LT05-C02-T1_L2-LT05_200033_20060128,LT05,0.5148,1,1,0,3.380293691758348,
2008-11-24 20:10:32.000000,450,LANDSAT-LT05-C02-T1_L2-LT05_201032_20081124,LT05,0.5067,1,1,0,3.3099215729307288,
1991-02-02 20:20:31.000000,451,LANDSAT-LT05-C02-T1_L2-LT05_202031_19910202,LT05,27.6723,1,1,0,17.67795311808275,
2000-08-11 20:40:30.000000,453,LANDSAT-LE07-C02-T1_L2-LE07_204030_20000811,LE07,30.3822,1,1,0,5.402750494876215,
2010-12-21 20:40:30.000000,453,LANDSAT-LT05-C02-T1_L2-LT05_204030_20101221,LT05,30.3822,1,1,0,5.402750494876215,
2002-02-05 20:50:30.000000,453,LANDSAT-LT05-C02-T1_L2-LT05_205030_20020205,LT05,30.3822,1,1,0,5.402750494876215,
1992-06-17 20:50:30.000000,453,LANDSAT-LT05-C02-T1_L2-LT05_205030_19920617,LT05,30.3741,1,1,0,5.400582110018472,
1989-05-14 19:00:00.000000,454,LANDSAT-LT05-C02-T1_L2-LT05_199033_19890514,LT05,147.3138,1,1,0,3.6631927771134376,
1998-05-07 19:00:00.000000,454,LANDSAT-LT05-C02-T1_L2-LT05_199033_19980507,LT05,143.2332,1,1,0,3.518915480922388,
1991-05-13 19:00:00.000000,454,LANDSAT-LT05-C02-T1_L2-LT05_198033_19910513,LT05,141.2244,1,1,0,3.4478905746368946,
1998-05-16 19:00:00.000000,454,LANDSAT-LT05-C02-T1_L2-LT05_198033_19980516,LT05,138.8565,1,1,0,3.3641690117170326,
2003-05-13 19:00:00.000000,454,LANDSAT-LE07-C02-T1_L2-LE07_199033_20030513,LE07,135.4941,1,1,0,3.24528502879472,
1987-05-09 19:00:00.000000,454,LANDSAT-LT05-C02-T1_L2-LT05_199033_19870509,LT05,131.4198,1,1,0,3.101230480965676,
1990-05-17 19:00:00.000000,454,LANDSAT-LT05-C02-T1_L2-LT05_199033_19900517,LT05,129.4353,1,1,0,3.0310647469336365,
1996-05-17 19:00:00.000000,454,LANDSAT-LT05-C02-T1_L2-LT05_199033_19960517,LT05,129.3327,1,1,0,3.027437130752387,
1993-02-27 19:00:00.000000,456,LANDSAT-LT05-C02-T1_L2-LT05_198034_19930227,LT05,31.7475,1,1,0,6.568157019140482,
2017-01-28 19:00:00.000000,456,LANDSAT-LC08-C02-T1_L2-LC08_198034_20170128,LC08,28.035,1,1,0,3.2644145956401864,
1984-10-07 19:00:00.000000,456,LANDSAT-LT05-C02-T1_L2-LT05_199034_19841007,LT05,20.0997,1,1,0,3.79718466448154,
1984-08-20 19:00:00.000000,456,LANDSAT-LT05-C02-T1_L2-LT05_199034_19840820,LT05,20.0502,1,1,0,3.8412345634615424,
1984-09-30 19:00:00.000000,456,LANDSAT-LT05-C02-T1_L2-LT05_198034_19840930,LT05,19.8225,1,1,0,4.04386409876956,
1984-09-14 19:00:00.000000,456,LANDSAT-LT05-C02-T1_L2-LT05_198034_19840914,LT05,19.6515,1,1,0,4.196036477064121,
2002-03-24 19:00:00.000000,456,LANDSAT-LT05-C02-T1_L2-LT05_198034_20020324,LT05,14.0094,1,1,0,9.21692405353039,
1987-12-19 19:00:00.000000,457,LANDSAT-LT05-C02-T1_L2-LT05_199033_19871219,LT05,19.3968,1,1,0,7.504765103054857,
2014-01-27 19:00:00.000000,457,LANDSAT-LC08-C02-T1_L2-LC08_199033_20140127,LC08,19.3725,1,1,0,7.480989440066537,
1987-12-19 19:00:00.000000,457,LANDSAT-LT05-C02-T1_L2-LT05_199034_19871219,LT05,18.6696,1,1,0,6.793256373626613,
1988-11-12 19:00:00.000000,458,LANDSAT-LT05-C02-T1_L2-LT05_198032_19881112,LT05,5.8986,1,1,0,10.892820023294322,
1995-02-24 19:00:00.000000,458,LANDSAT-LT05-C02-T1_L2-LT05_199032_19950224,LT05,5.6916,1,1,0,10.461803451321307,
1991-12-14 19:00:00.000000,458,LANDSAT-LT05-C02-T1_L2-LT05_199032_19911214,LT05,4.626,1,1,0,8.243005098208041,
2000-10-27 19:00:00.000000,458,LANDSAT-LE07-C02-T1_L2-LE07_199032_20001027,LE07,3.5433,1,1,0,5.988601028279611,
1991-03-17 19:00:00.000000,458,LANDSAT-LT05-C02-T1_L2-LT05_199032_19910317,LT05,3.3165,1,1,0,5.516356784204828,
1992-02-09 19:00:00.000000,458,LANDSAT-LT05-C02-T1_L2-LT05_198032_19920209,LT05,3.2274,1,1,0,5.330832259746877,
1992-01-31 19:00:00.000000,458,LANDSAT-LT05-C02-T1_L2-LT05_199032_19920131,LT05,2.619,1,1,0,4.0640183351653185,
1991-01-28 19:00:00.000000,458,LANDSAT-LT05-C02-T1_L2-LT05_199032_19910128,LT05,2.5704,1,1,0,3.9628231400064355,
1998-03-04 19:00:00.000000,458,LANDSAT-LT05-C02-T1_L2-LT05_199032_19980304,LT05,2.5578,1,1,0,3.9365873486689478,
1985-10-10 19:00:00.000000,458,LANDSAT-LT05-C02-T1_L2-LT05_199032_19851010,LT05,2.4471,1,1,0,3.7060871819181607,
1992-01-15 19:00:00.000000,458,LANDSAT-LT05-C02-T1_L2-LT05_199032_19920115,LT05,2.3058,1,1,0,3.4118715219191893,
2018-10-21 19:00:00.000000,458,LANDSAT-LC08-C02-T1_L2-LC08_199032_20181021,LC08,2.1807,1,1,0,3.151387593639844,
1994-10-21 19:00:00.000000,592,LANDSAT-LT05-C02-T1_L2-LT05_197031_19941021,LT05,10.0935,1,1,0,10.482957866430343,
1986-02-01 19:00:00.000000,592,LANDSAT-LT05-C02-T1_L2-LT05_197031_19860201,LT05,7.6509,1,1,0,7.518661455568532,
2011-03-18 19:00:00.000000,592,LANDSAT-LE07-C02-T1_L2-LE07_197031_20110318,LE07,5.0859,1,1,0,4.405822556911141,
2019-10-26 19:00:00.000000,592,LANDSAT-LC08-C02-T1_L2-LC08_197031_20191026,LC08,4.8105,1,1,0,4.071601959371085,
2018-11-24 19:00:00.000000,592,LANDSAT-LC08-C02-T1_L2-LC08_197031_20181124,LC08,4.7115,1,1,0,3.9514573001246593,
1993-01-03 19:00:00.000000,592,LANDSAT-LT05-C02-T1_L2-LT05_197031_19930103,LT05,4.5774,1,1,0,3.788715898054501,
2000-03-11 19:00:00.000000,592,LANDSAT-LT05-C02-T1_L2-LT05_197031_20000311,LT05,4.5594,1,1,0,3.766871414555151,
1992-01-17 19:00:00.000000,592,LANDSAT-LT05-C02-T1_L2-LT05_197031_19920117,LT05,4.3173,1,1,0,3.4730631114888926,
1987-03-15 19:00:00.000000,593,LANDSAT-LT05-C02-T1_L2-LT05_198032_19870315,LT05,65.0412,1,1,0,4.1420361900536475,
1992-02-09 19:00:00.000000,593,LANDSAT-LT05-C02-T1_L2-LT05_198032_19920209,LT05,64.9971,1,1,0,4.135056077429902,
1985-10-19 19:00:00.000000,593,LANDSAT-LT05-C02-T1_L2-LT05_198032_19851019,LT05,58.0311,1,1,0,3.0324831854341814,
1996-01-17 20:00:33.000000,595,LANDSAT-LT05-C02-T1_L2-LT05_200033_19960117,LT05,3.6909,1,1,0,4.755532741238104,
2009-01-20 20:00:33.000000,595,LANDSAT-LT05-C02-T1_L2-LT05_200033_20090120,LT05,3.1023,1,1,0,3.7176767872059737,
1990-12-25 20:10:32.000000,595,LANDSAT-LT05-C02-T1_L2-LT05_201032_19901225,LT05,3.0816,1,1,0,3.6811772658868005,
1989-11-29 20:00:33.000000,596,LANDSAT-LT05-C02-T1_L2-LT05_200033_19891129,LT05,0.5904,1,1,0,3.444495305165576,
1992-05-29 20:00:33.000000,596,LANDSAT-LT05-C02-T1_L2-LT05_200033_19920529,LT05,0.5904,1,1,0,3.444495305165576,
1998-12-06 20:20:33.000000,597,LANDSAT-LT05-C02-T1_L2-LT05_202033_19981206,LT05,17.3997,1,1,0,3.526756344647475,
1998-12-22 20:20:33.000000,597,LANDSAT-LT05-C02-T1_L2-LT05_202033_19981222,LT05,16.4691,1,1,0,3.6830173215476103,
1999-02-24 20:20:33.000000,597,LANDSAT-LT05-C02-T1_L2-LT05_202033_19990224,LT05,15.3162,1,1,0,3.8766056304538714,
1988-03-29 20:20:33.000000,597,LANDSAT-LT05-C02-T1_L2-LT05_202033_19880329,LT05,12.4587,1,1,0,4.3564205256743085,
2022-01-30 20:20:33.000000,597,LANDSAT-LC09-C02-T1_L2-LC09_202033_20220130,LC09,7.6311,1,1,0,5.1670432336939704,
2022-06-15 20:20:33.000000,597,LANDSAT-LC08-C02-T1_L2-LC08_202033_20220615,LC08,5.3847,1,1,0,5.544245746597973,
1985-09-18 20:50:30.000000,598,LANDSAT-LT05-C02-T1_L2-LT05_205030_19850918,LT05,2.6028,1,1,0,8.512590145317931,
2023-12-01 20:40:30.000000,599,LANDSAT-LC09-C02-T1_L2-LC09_204030_20231201,LC09,4.7115,1,1,0,12.055046841831889,
2006-11-15 20:50:30.000000,599,LANDSAT-LT05-C02-T1_L2-LT05_205030_20061115,LT05,3.4542,1,1,0,8.339991177147434,
1993-04-26 20:40:30.000000,599,LANDSAT-LT05-C02-T1_L2-LT05_204030_19930426,LT05,2.9709,1,1,0,6.911941862948757,
1985-09-18 20:50:30.000000,599,LANDSAT-LT05-C02-T1_L2-LT05_205030_19850918,LT05,1.7919,1,1,0,3.4282461430227484,
1989-09-21 19:00:00.000000,641,LANDSAT-LT05-C02-T1_L2-LT05_197033_19890921,LT05,13.5324,1,1,0,3.5777154458538396,
1992-06-09 19:00:00.000000,641,LANDSAT-LT05-C02-T1_L2-LT05_197033_19920609,LT05,13.4298,1,1,0,3.4667046233839094,
1991-01-28 19:00:00.000000,654,LANDSAT-LT05-C02-T1_L2-LT05_199031_19910128,LT05,0.6462,1,1,0,5.2985719205922965,
2017-04-25 19:00:00.000000,654,LANDSAT-LC08-C02-T1_L2-LC08_199031_20170425,LC08,0.0315,1,1,0,3.348488189159736,
2017-10-02 19:00:00.000000,654,LANDSAT-LC08-C02-T1_L2-LC08_199031_20171002,LC08,0.0198,1,1,0,3.51307352067771,
2024-06-07 19:00:00.000000,654,LANDSAT-LC09-C02-T1_L2-LC09_199031_20240607,LC09,0.0,1,1,0,3.7916025432465896,
2021-01-14 19:00:00.000000,655,LANDSAT-LC08-C02-T1_L2-LC08_199032_20210114,LC08,65.8224,1,1,0,11.374251048625384,
1987-11-24 20:00:32.000000,655,LANDSAT-LT05-C02-T1_L2-LT05_200032_19871124,LT05,64.2681,1,1,0,11.078394545555415,
1990-02-01 20:00:32.000000,655,LANDSAT-LT05-C02-T1_L2-LT05_200032_19900201,LT05,63.918,1,1,0,11.01175402459756,
1990-02-01 20:00:31.000000,655,LANDSAT-LT05-C02-T1_L2-LT05_200031_19900201,LT05,63.8343,1,1,0,10.995821972029228,
1993-04-21 20:10:34.000000,703,LANDSAT-LT05-C02-T1_L2-LT05_201034_19930421,LT05,14.8401,1,1,0,18.017859157307964,
1997-01-03 20:00:34.000000,704,LANDSAT-LT05-C02-T1_L2-LT05_200034_19970103,LT05,1.4022,1,1,0,8.162316297019839,
1992-09-18 20:00:35.000000,704,LANDSAT-LT05-C02-T1_L2-LT05_200035_19920918,LT05,1.3446,1,1,0,7.6974970247521135,
1992-03-19 19:00:00.000000,704,LANDSAT-LT05-C02-T1_L2-LT05_199035_19920319,LT05,1.2951,1,1,0,7.298042962647036,
1997-01-03 20:00:35.000000,704,LANDSAT-LT05-C02-T1_L2-LT05_200035_19970103,LT05,1.0449,1,1,0,5.2789842487341,
2002-02-18 20:00:34.000000,704,LANDSAT-LT05-C02-T1_L2-LT05_200034_20020218,LT05,0.9405,1,1,0,4.436499317748848,
1992-04-04 19:00:00.000000,704,LANDSAT-LT05-C02-T1_L2-LT05_199035_19920404,LT05,0.9279,1,1,0,4.334820101940282,
2021-11-24 20:00:34.000000,704,LANDSAT-LC09-C02-T1_L2-LC09_200034_20211124,LC09,0.855,1,1,0,3.7465332104764415,
2021-11-24 20:00:35.000000,704,LANDSAT-LC09-C02-T1_L2-LC09_200035_20211124,LC09,0.855,1,1,0,3.7465332104764415,
2008-07-28 20:00:35.000000,704,LANDSAT-LT05-C02-T1_L2-LT05_200035_20080728,LT05,0.8442,1,1,0,3.6593795969262426,
1990-03-05 20:00:34.000000,704,LANDSAT-LT05-C02-T1_L2-LT05_200034_19900305,LT05,0.8091,1,1,0,3.3761303528880977,
2004-07-01 20:00:34.000000,704,LANDSAT-LT05-C02-T1_L2-LT05_200034_20040701,LT05,0.7875,1,1,0,3.2018231257877,
2003-07-31 20:00:35.000000,704,LANDSAT-LT05-C02-T1_L2-LT05_200035_20030731,LT05,0.7839,1,1,0,3.1727719212709675,
2016-10-22 20:00:34.000000,704,LANDSAT-LC08-C02-T1_L2-LC08_200034_20161022,LC08,0.0027,1,1,0,3.1313394588600687,
2015-10-04 20:00:34.000000,704,LANDSAT-LC08-C02-T1_L2-LC08_200034_20151004,LC08,0.0,1,1,0,3.153127862247618,
1999-06-04 19:00:00.000000,706,LANDSAT-LT05-C02-T1_L2-LT05_198034_19990604,LT05,129.6927,1,1,0,4.421986355702448,
2002-03-24 19:00:00.000000,706,LANDSAT-LT05-C02-T1_L2-LT05_198034_20020324,LT05,84.0276,1,1,0,22.123911163884536,
1987-11-10 19:00:00.000000,708,LANDSAT-LT05-C02-T1_L2-LT05_198033_19871110,LT05,6.921,1,1,0,6.035778421427847,
1987-11-17 19:00:00.000000,708,LANDSAT-LT05-C02-T1_L2-LT05_199033_19871117,LT05,5.7069,1,1,0,4.855750041341924,
1985-12-06 19:00:00.000000,708,LANDSAT-LT05-C02-T1_L2-LT05_198033_19851206,LT05,5.4738,1,1,0,4.629191590309859,
1999-11-19 19:00:00.000000,708,LANDSAT-LE07-C02-T1_L2-LE07_198033_19991119,LE07,5.157,1,1,0,4.321282035239256,
2006-02-06 19:00:00.000000,708,LANDSAT-LT05-C02-T1_L2-LT05_199033_20060206,LT05,4.797,1,1,0,3.9713848135681147,
1987-12-19 19:00:00.000000,708,LANDSAT-LT05-C02-T1_L2-LT05_199033_19871219,LT05,4.3776,1,1,0,3.5637545503212356,
1998-11-08 19:00:00.000000,708,LANDSAT-LT05-C02-T1_L2-LT05_198033_19981108,LT05,4.3209,1,1,0,3.5086457379080307,
2002-05-19 19:00:00.000000,708,LANDSAT-LE07-C02-T1_L2-LE07_198033_20020519,LE07,4.3191,1,1,0,3.5068962517996747,
1985-01-02 20:00:31.000000,870,LANDSAT-LT05-C02-T1_L2-LT05_200031_19850102,LT05,1.0926,1,1,0,6.939487031312822,
2004-11-29 20:10:30.000000,870,LANDSAT-LT05-C02-T1_L2-LT05_201030_20041129,LT05,1.089,1,1,0,6.910207724943011,
2018-02-21 20:10:31.000000,870,LANDSAT-LC08-C02-T1_L2-LC08_201031_20180221,LC08,0.9558,1,1,0,5.826873389260004,
2015-11-28 20:10:31.000000,870,LANDSAT-LC08-C02-T1_L2-LC08_201031_20151128,LC08,0.9198,1,1,0,5.534080325561894,
1991-12-05 20:00:31.000000,870,LANDSAT-LT05-C02-T1_L2-LT05_200031_19911205,LT05,0.7425,1,1,0,4.092074486848703,
1988-03-15 20:00:31.000000,870,LANDSAT-LT05-C02-T1_L2-LT05_200031_19880315,LT05,0.6939,1,1,0,3.696803850856254,
1985-01-09 20:10:30.000000,870,LANDSAT-LT05-C02-T1_L2-LT05_201030_19850109,LT05,0.6354,1,1,0,3.221015122346825,
1985-01-02 20:00:31.000000,871,LANDSAT-LT05-C02-T1_L2-LT05_200031_19850102,LT05,2.3148,1,1,0,3.39843955860968,
1991-12-21 20:00:31.000000,871,LANDSAT-LT05-C02-T1_L2-LT05_200031_19911221,LT05,2.2806,1,1,0,3.3291173865727592,
2004-03-02 20:10:30.000000,880,LANDSAT-LT05-C02-T1_L2-LT05_201030_20040302,LT05,0.5949,1,1,0,4.114424727916327,
1992-05-29 20:00:30.000000,880,LANDSAT-LT05-C02-T1_L2-LT05_200030_19920529,LT05,0.5184,1,1,0,3.3996395197745453,
1994-01-18 20:10:30.000000,880,LANDSAT-LT05-C02-T1_L2-LT05_201030_19940118,LT05,0.504,1,1,0,3.265091715889034,
